UNITNAME,code,colour
test_all,test_all,#e6ffcc
Unnamed_GIS_Unit___see_description,Unnamed_GIS_Unit___see_description,#e6ffcc
Birksgate_Complex,Birksgate_Complex,#66b3b3
Pitjantjatjara_Supersuite,Pitjantjatjara_Supersuite,#ff4d4d
Manuka_Subgroup,Manuka_Subgroup,#b3ffe6
Eyre_Formation,Eyre_Formation,#ffe600
Bulldog_Shale,Bulldog_Shale,#ccff99
Alcurra_Dolerite,Alcurra_Dolerite,#00ff00
Amata_Dolerite,Amata_Dolerite,#00ff00
Oodnadatta_Formation,Oodnadatta_Formation,#b3ff4d
Coorikiana_Sandstone,Coorikiana_Sandstone,#b3ff4d
Algebuckina_Sandstone,Algebuckina_Sandstone,#b3ffb3
Polda_Formation,Polda_Formation,#b3ffb3
Giles_Complex,Giles_Complex,#9900ff
Waitoona_beds,Waitoona_beds,#b3ffff
Radium_Ridge_Breccias,Radium_Ridge_Breccias,#b3ffff
Wataru_Gneiss,Wataru_Gneiss,#cc0000
Dutton_Suite,Dutton_Suite,#cc0000
Doonbara_Formation,Doonbara_Formation,#ffe6e6
Yerelina_Subgroup,Yerelina_Subgroup,#ffe6e6
Koolunga_Gravel,Koolunga_Gravel,#ffe6e6
Punkerri_Sandstone,Punkerri_Sandstone,#ffe6cc
Garford_Formation,Garford_Formation,#ffe6cc
Pound_Subgroup,Pound_Subgroup,#ffe6cc
Trainor_Hill_Sandstone,Trainor_Hill_Sandstone,#ff4dff
Pindyin_Sandstone,Pindyin_Sandstone,#b34d66
Callanna_Group,Callanna_Group,#b34d66
Mimili_Formation,Mimili_Formation,#4d9999
Munda_Group,Munda_Group,#990080
Chambers_Bluff_Tillite,Chambers_Bluff_Tillite,#cc9980
Murnaroo_Formation,Murnaroo_Formation,#ffe699
Simmens_Quartzite_Member,Simmens_Quartzite_Member,#ffe699
ABC_Range_Quartzite,ABC_Range_Quartzite,#ffe699
Table_Hill_Volcanics,Table_Hill_Volcanics,#ff99e6
Bollaparudda_Subgroup,Bollaparudda_Subgroup,#ff99e6
Wright_Hill_beds,Wright_Hill_beds,#cc9999
Wallaroo_Group,Wallaroo_Group,#cc9999
Wantapella_Volcanics,Wantapella_Volcanics,#66ff00
Varavaranha_Formation,Varavaranha_Formation,#66ff00
Wirrildar_beds,Wirrildar_beds,#ff6699
Wilpena_Group,Wilpena_Group,#ffe6b3
Rodda_beds,Rodda_beds,#ffe6b3
Peake_Metamorphics,Peake_Metamorphics,#ccccb3
Wirriecurrie_Granite,Wirriecurrie_Granite,#ff6600
Burra_Group,Burra_Group,#b39966
Emeroo_Subgroup,Emeroo_Subgroup,#994d4d
Yudnamutana_Subgroup,Yudnamutana_Subgroup,#b39999
Nullarbor_Limestone,Nullarbor_Limestone,#ff994d
Rowland_Flat_Sand,Rowland_Flat_Sand,#ff994d
Umberatana_Group,Umberatana_Group,#e6ccb3
Mount_Woods_Complex,Mount_Woods_Complex,#999900
Warrow_Quartzite,Warrow_Quartzite,#999900
Hutchison_Group,Hutchison_Group,#999900
Barossa_Complex,Barossa_Complex,#999900
Mulgathing_Complex,Mulgathing_Complex,#804d99
Glenloth_Granite,Glenloth_Granite,#804d99
Hiltaba_Suite,Hiltaba_Suite,#ff0000
Bimbowrie_Suite,Bimbowrie_Suite,#ff0000
Crocker_Well_Suite,Crocker_Well_Suite,#ff0000
Cultana_Subsuite,Cultana_Subsuite,#ff0000
Billeroo_Intrusive_Complex,Billeroo_Intrusive_Complex,#ff0000
Eba_Formation,Eba_Formation,#e6994d
Ooldea_Sand,Ooldea_Sand,#ffe680
Barton_Sand,Barton_Sand,#ffe680
Loxton_Sand,Loxton_Sand,#ffe680
Norwest_Bend_Formation,Norwest_Bend_Formation,#ffe680
Hallett_Cove_Sandstone,Hallett_Cove_Sandstone,#ffe680
Wilgena_Hill_Jaspilite,Wilgena_Hill_Jaspilite,#00ffff
Coulthard_Suite,Coulthard_Suite,#ff8000
Peter_Pan_Supersuite,Peter_Pan_Supersuite,#ff8000
Willawortina_Formation,Willawortina_Formation,#ffff00
Tarcoola_Formation,Tarcoola_Formation,#cccccc
Mobella_Tonalite,Mobella_Tonalite,#ff4d80
Labyrinth_Formation,Labyrinth_Formation,#4d0000
Mentor_Formation,Mentor_Formation,#e6b380
Corunna_Conglomerate,Corunna_Conglomerate,#e6b380
Blue_Range_beds,Blue_Range_beds,#e6b380
Leigh_Creek_Coal_Measures,Leigh_Creek_Coal_Measures,#4dffcc
Pepegoona_Porphyry,Pepegoona_Porphyry,#9966ff
Wisanger_Basalt,Wisanger_Basalt,#9966ff
Moolawatana_Suite,Moolawatana_Suite,#e64dff
Petermorra_Volcanics,Petermorra_Volcanics,#ccffff
Saint_Kilda_Formation,Saint_Kilda_Formation,#cccc99
Pandurra_Formation,Pandurra_Formation,#ccb300
Gairdner_Dolerite,Gairdner_Dolerite,#00cc66
Engenina_Monzogranite,Engenina_Monzogranite,#ff9999
St_Peter_Suite,St_Peter_Suite,#ff9999
Tunkillia_Suite,Tunkillia_Suite,#ff8099
Basso_Suite,Basso_Suite,#ff4d00
Donington_Suite,Donington_Suite,#ff4d00
Nancatee_Granite,Nancatee_Granite,#ff4d00
Munjeela_Suite,Munjeela_Suite,#800000
Sleaford_Complex,Sleaford_Complex,#664d99
Muckanippie_Suite,Muckanippie_Suite,#00ffb3
Bumbumbie_Suite,Bumbumbie_Suite,#0099b3
Bridgewater_Formation,Bridgewater_Formation,#ffff4d
Glanville_Formation,Glanville_Formation,#ffff4d
Lady_Louise_Suite,Lady_Louise_Suite,#00804d
Coolanie_Gneiss,Coolanie_Gneiss,#0000b3
St_Francis_Suite,St_Francis_Suite,#ff6666
Cooyerdoo_Granite,Cooyerdoo_Granite,#4d0066
Price_Metasediments,Price_Metasediments,#80ff00
Normanville_Group,Normanville_Group,#b3ccff
Willyama_Supergroup,Willyama_Supergroup,#cccc00
Silver_City_Suite,Silver_City_Suite,#ff8066
Moola_Suite,Moola_Suite,#ff8066
Eucarro_Rhyolite,Eucarro_Rhyolite,#4de6e6
Pinbong_Suite,Pinbong_Suite,#ffb300
_,_,#e6ffff
Spilsby_Suite,Spilsby_Suite,#ff00cc
Wertigo_Granite,Wertigo_Granite,#e66666
Boucaut_Volcanics,Boucaut_Volcanics,#66b3ff
Miltalie_Gneiss,Miltalie_Gneiss,#ff4db3
Corny_Point_Paragneiss,Corny_Point_Paragneiss,#ff4db3
Gawler_Range_Volcanics,Gawler_Range_Volcanics,#6666e6
Tip_Top_Granite,Tip_Top_Granite,#cc4d80
Coomandook_Formation,Coomandook_Formation,#ffffe6
Kangaroo_Island_Group,Kangaroo_Island_Group,#b399cc
Moody_Suite,Moody_Suite,#e69999
Nuyts_Volcanics,Nuyts_Volcanics,#b34db3
Keynes_Subgroup,Keynes_Subgroup,#ffcce6
Kanmantoo_Group,Kanmantoo_Group,#ffcce6
Padthaway_Formation,Padthaway_Formation,#e6ffb3
Bosanquet_Formation,Bosanquet_Formation,#ff99ff
Truro_Volcanics,Truro_Volcanics,#b399ff
Broken_Hill_Group,Broken_Hill_Group,#00ff80
Fulham_Sand,Fulham_Sand,#ffffb3
Mount_Gee_Sinter,Mount_Gee_Sinter,#e6ff00
Poodla_Granodiorite,Poodla_Granodiorite,#4d00ff
Coonta_Gabbro,Coonta_Gabbro,#00e666
Mount_Crawford_Granite_Gneiss,Mount_Crawford_Granite_Gneiss,#e69900
Hart_Dolerite,P___ha_od,#8EE4B4
Broome__Mowla_and_Melligo_Sandstones,K__bm_st,#DFFEB8
King_Leopold_Sandstone,P__KMl_st,#ECCBA7
Yampi_Formation,P__KMy_sta,#ECCBA7
Wallal_Sandstone,J__wa_st,#ADFED5
Pentecost_Sandstone,P__KMp_st,#ECCBA7
Carson_Volcanics,P__KMc_bb,#D2F4E1
Warton_Sandstone,P__KMw_st,#F5E5D3
Gidley_Granophyre,A_FFgi_gv,#FEBFBA
Erskine_Sandstone,R__er_st,#BAFCEC
Wotjulum_Porphyry,P___wj_gmap,#FECFCB
Maitland_River_Supersuite,A_MR_g,#FE9E98
Jarlemai_Siltstone,J__ja_sl,#DFFEB8
Miaree_Granite,A_MRmi_gm,#FE9E98
Winning_Group,K_WN_sf,#DFFEB8
Fortescue_Group,A_FO_od,#8EE4B4
Elgee_Siltstone,P__KMe_xsl_kd,#E6A89A
Hearson_Cove_Monzogranite,A_MRhe_gmp,#FE9E98
Mount_Roe_Basalt,A_FOr_b,#C4C798
Noonkanbah_Formation,P__no_sf,#B5E1FC
Bastion_Group,P__BA_s,#D5B9AA
Gidley_Granophyre,A_FFgi_og,#A5E9C3
Kylena_Formation,A_FOk_b,#C4C798
Antrim_Plateau_Volcanics,E__ap_xbb_s,#EFBEE7
Speewah_Group,P__SP_s,#E99ECE
Louden_Volcanic_Member,A_CDbl_xb_s,#63FD67
Regal_Formation,A__re_b,#D4EFB9
Cleaverville_Formation,A_GCe_ca,#6BC3F9
Grant_Group,CP_GR_sepg,#9DD7FB
Weaber_Group,C_WE_sk,#C8D2D5
Cockatoo_Group,D_CO_sp,#E0E4FD
Carlton_Group,EO_CA_sk,#EFBEE7
Paperbark_Supersuite,P__PB_xg_o,#FE9E98
Marboo_Formation,P___mr_mh,#93911E
Hardey_Formation,A_FOh_xs_f,#F1D8BD
Roebourne_Group,A_RO_xb_u,#E9E6FE
Black_Hill_Well_Monzogranite,A_OPbl_gm,#FD5E53
Andover_Intrusion,A_OPan_xo_a,#78DEA4
Eramurra_Monzogranite,A_MRer_gm,#FE9E98
Tumbiana_Formation,A_FOt_xb_k,#D5D7B6
Frezier_Sandstone,K__fz_st,#BEFE72
Sisters_Supersuite,A_ST_xg_o,#F492CA
Warnbro_Group,K_WR_ss,#D4FEA1
Caines_Monzogranite,A_MRca_gm,#FE9E98
Red_Hill_Volcanics,A_WCr_f,#FEE79F
Coolyena_Group,K_CY_xk_s,#E9FFD0
Ruins_Dolerite,P___ru_mod,#3DE1B6
Mount_Barren_Group,P__MB_mh,#F6C292
Keep_Inlet_Formation,P_KUk_sepg,#D1DBDE
Jeerinah_Formation,A_FOj_xs_b,#DDDFC4
Weeli_Wolli_Formation,P__HAj_xci_od,#E0CABF
Brockman_Iron_Formation,P__HAb_cib,#84CDFA
Blina_Shale,R__bl_sl,#8CFADF
Poole_Sandstone,P__po_st,#9DD7FB
Liveringa_Group,P_LI_s,#B5E1FC
Eneabba_Formation,J__en_ss,#ADFED5
Fairfield_Group,DC_FA_xk_sf,#DDE4E6
Parda_Formation,K__pr_sf,#BEFE72
Emeriau_Sandstone,IP__em_st,#DFFEB8
Leeuwin_Inlier_metagranitic_unit,P_E_mgn_PJLE,#FB9FFC
Cadda_Formation,J__cd_sf,#98FECA
Upper_Cretaceous_carbonate_rocks__greater_Carnarvon_Basin,K_kl_WC,#D4FEA1
Maddina_Formation,A_FOm_b,#EEEFE2
Lillybooroora_Conglomerate,DC__li_scp,#D5DBFD
Cattamarra_Coal_Measures,J__cm_slh,#ADFED5
Yarragadee_Formation,J__ya_st,#6FFDB6
Wagina_Sandstone,P__wg_st,#6BC3F9
Leeuwin_Inlier_metamorphosed_mafic_intrusive_unit,P__mof_PJLE,#62D895
Forestier_Bay_Granodiorite,A_OPfo_gg,#FD5E53
Millyit_Sandstone,R__mi_sr,#A3FBE5
Sherlock_Intrusion,A_STse_xo_a,#A5E9C3
Nickol_River_Formation,A__nk_s,#D6C8CD
Rea_Dacite,A_OPre_fdp,#FD5E53
Ningbing_Group,D_NI_kl,#D5DBFD
South_West_Terrane_greenstones,A_xmno_mni_YSW,#B7C7C2
Leederville_Formation,K_WRl_ss,#D4FEA1
Callawa_Formation,K__ca_sp,#BEFE72
Malu_Formation,P__LAm_stq,#D09587
Lancelin_Formation,K_CYl_chl,#E9FFD0
Lesueur_Sandstone,R__le_st,#D1FDF2
Kockatea_Shale,R__kk_sl,#A3FBE5
Mingenew_Formation,P__mi_ss,#CEEBFD
Tumblagooda_Sandstone,OS__tu_st,#E6C1FF
Woodada_Formation,R__wo_ss,#A3FBE5
Otorowiri_Formation,JK_PAo_sfl,#DFFEB8
Cardup_Group,P__CD_s,#DDA365
Mount_Crofton_Granite,P___cr_g,#FE8E87
Yilgarn_Craton_granites,A_mgn_Y,#FE6FB8
South_West_Terrane_greenstones,A_mw_YSW,#78DEA4
Biranup_Zone_metagranitic_unit,AP__mgn_KKBB,#FEBBDD
South_West_Terrane_greenstones,A_mlsm_YSW,#FEE286
Yilgarn_Craton_granites,A_g_Y,#FECFCB
South_West_Terrane_greenstones,A_mdnf_YSW,#BDA35F
Billeranga_Subgroup,P__OAB_xss_b,#F5D06E
Osborne_Formation,K_CYo_sll,#BEFE72
Youanmi_Terrane_greenstones,A_o_YYO,#BCEED2
Goose_Hole_Group,E_GH_xss_kl,#EFBEE7
Wittenoom_Formation,A_HAd_kd,#E0CABF
South_West_Terrane_cataclasite,AP__myyf_YSW,#B6C01B
Brassey_Range_Formation,P__MVb_st,#FAD1C1
Taliwanya_Formation,P__THt_sta,#DFB9AF
Alexander_Formation,J__ax_ss,#C1FEE0
Munkayarra_Shale,R__my_sl,#76F9D9
Yilgarn_Craton_metamorphic_unit,A_mn_Y,#B7B8B8
Opaline_Well_Intrusion,A_STop_xo_a,#A5E9C3
Millindinna_Intrusion,A_STmi_xo_a,#A5E9C3
Mallina_Formation,A_CDm_s,#F7B588
West_Pilbara_Superterrane_mylonitic_unit,A_myy_PWP,#FE98CC
Pinnacle_Hill_Gneiss,A_RApi_mgtn,#FFDFDD
Portree_Suite,A_STP_g,#FEBFBA
Pilbara_Supergroup,A_PI_mu,#B1A6FC
North_Star_Basalt,A_WAn_b,#63FD67
Emu_Pool_Supersuite,A_EM_g,#F492CA
Myanna_Leucogranite,A_SRmy_gml,#FD7E75
Chillerina_Granodiorite,A_STci_ggh,#FEBFBA
Northampton_Inlier_gneissic_unit,P__mnqf_PJNO,#FCA4F4
Paterson_Formation,CP__pa_sepg,#9DD7FB
Parmelia_Group,JK_PA_st,#A9FD43
Northampton_Inlier_granitic_unit,P__g_PJNO,#FE6FB8
Sally_Downs_Supersuite,P__SD_xg_o,#FD5E53
Famennian_reef_complexes__platform_facies,D__ap_klsp,#CAD2FC
Youanmi_Terrane_greenstones,A_mu_YYO,#B1A6FC
Proterozoic_mafic_intrusive_unit,P__od,#4BD386
Lamboo_Province_mafic__ultramafic_intrusive_unit,P__xo_a_LM,#BCB3FD
Youanmi_Terrane_greenstones,A_b_YYO,#C4FEC6
Mahony_Group,D_MA_sp,#C0C8FB
Devonian_conglomerates_associated_with_reef_complexes,D__rc_sbp,#E0E4FD
Northampton_Inlier_metamorphosed_mafic_intrusive_unit,P__mog_PJNO,#A5E9C3
Kialrah_Rhyolite,A_CDk_frb,#FED656
Youanmi_Terrane_greenstones,A_s_YYO,#BBC8CE
Pilbara_Craton_greenstones,A_a_P,#C8C0FD
Duffer_Formation,A_WAd_f,#FED656
Apex_Basalt,A_WAa_b,#D8FFD9
Black_Range_Dolerite_Suite,A_BL_od,#8EE4B4
Pilbara_Craton_greenstones,A_musr_P,#D3CCFD
Warakurna_Supersuite,P__WK_od,#6EE9C8
Pilbara_Craton_greenstones,A_mog_P,#8EE4B4
Tambina_Supersuite,A_TA_mg,#F066B6
Pinjian_Chert_Breccia,AP___pj_ccx,#F7D7A0
Davis_Dolerite,E__dv_od,#8EE4B4
Eastern_Goldfields_Superterrane_greenstones,A_u_YEG,#B1A6FC
Eastern_Goldfields_Superterrane_greenstones,A_o_YEG,#BCEED2
Eastern_Goldfields_Superterrane_greenstones,A_b_YEG,#C4FEC6
Prenti_Dolerite,P__WKgp_od,#78DEA4
Eastern_Goldfields_Superterrane_greenstones,A_og_YEG,#8EE4B4
Eastern_Goldfields_Superterrane_greenstones,A_s_YEG,#E3DDDB
Carawine_Dolomite,A_HAc_kds,#CAA894
Samuel_Formation_and_Bejah_Claystone,K__sb_sf,#BEFE72
Orpheus_Supersuite,A_OP_xo_a,#78DEA4
Toorare_Tonalite,A_MRto_mgta,#FE9E98
Northampton_Inlier_metasedimentary_unit,P__mtq_PJNO,#D2C4C9
Cistern_Formation,A_CDi_xs_fnv,#FDC544
Eastern_Goldfields_Superterrane_greenstones,A_uk_YEG,#BCB3FD
Yilgarn_Craton_granites,A_mgss_Y,#FECFCB
Biranup_Zone_metagranitic_unit,AP__xmggn_mgmn_KKBB,#FCC5FC
South_West_Terrane_greenstones,A_mwa_YSW,#3CFD41
Yilgarn_Craton_granites,A_xgm_gr_Y,#FEAEA9
Munglinup_Gneiss,AP___mu_xmgn_mo,#FEC1E1
Salisbury_Gneiss,P___sb_xmln_mwo,#099BF5
Bunbury_Basalt,K__bu_bb,#B3FE5A
South_West_Terrane_greenstones,A_mtq_YSW,#EC8526
Northern_Foreland_metagranitic_unit,A_xmgm_mgr_AFON,#FEAEA9
South_West_Terrane_greenstones,A_mf_YSW,#FEE286
Collie_Group,P_CL_snh,#9DD7FB
South_West_Terrane_greenstones,A_xmo_ma_YSW,#9080FB
Nornalup_Zone_metagranitic_unit,P__jmgnn_mog_KKBN,#FBA7FA
Esperance_Supersuite,P__EP_g,#FC91F2
Recherche_Supersuite,P__RE_xmgn_mg,#FBA7FA
Nornalup_Zone_gneissic_unit,P__mnqf_KKBN,#FCA4F4
Yilgarn_Craton_granites,A_gg_Y,#FEAEA9
Northern_Foreland_metagranitic_unit,A_xmgss_mgg_AFON,#FEAEA9
Northern_Foreland_metagranitic_unit,A_mgn_AFON,#FEC1E1
Northern_Foreland_metagranitic_unit,AP__xmg_mo_AFON,#F494C7
Yilgarn_Craton_granites,A_gy_Y,#FECFCB
Northern_Foreland_unit,AP__mtq_AFON,#E3DDDB
Moodini_Supersuite,P__MD_xg_og,#FEE2BD
Binneringie_Dyke,P__WIbi_o,#4BD386
Eastern_Goldfields_Superterrane_greenstones,A_up_YEG,#9080FB
Eastern_Goldfields_Superterrane_greenstones,A_f_YEG,#FEE79F
Whitewater_Volcanics,P__PBww_f,#FEDC6E
Northampton_Inlier_metasedimentary_unit,P__mdn_PJNO,#E3DDDB
Ilma_Formation,P__BUi_kdov,#FEE5CC
Youanmi_Terrane_greenstones,A_f_YYO,#FEE8A6
Bandalup_Ultramafics,A__bp_muk,#C4FEC6
Youanmi_Terrane_greenstones,A_mtq_YYO,#DAD2CF
Maydon_Basalt,A__mo_mbb,#63FD67
Yilgarn_Craton_granites,A_mgs_Y,#FEBFBA
Manyutup_Tonalite,A__ma_gt,#FEAEA9
Annabelle_Volcanics,A__ab_fd,#FEE79F
Stirling_Range_Formation,P___sr_mh,#F9DABE
Yilgarn_Craton_granites,A_gch_Y,#FD5E53
Nangetty_Formation,CP__na_sepg,#84CDFA
Nanutarra_Formation,K__na_sz,#D4FEA1
High_Cliff_Sandstone,P__hi_st,#B5E1FC
Nilling_Formation,P___ni_st,#F5D06E
Bililly_Formation,P__BDb_ss,#F9DF9E
Lyons_Group,CP_LY_sepg,#CEEBFD
Byro_Group__upper,P_BYU_sf,#A9DCFC
Kennedy_Group,P_KE_ss,#B5E1FC
Moorarie_Supersuite,P__MO_g,#FDADE6
Leake_Spring_Metamorphics,P__LS_xmd_mk,#F7CEA8
Mount_Minnie_Group,P__MK_s,#D2C7A6
Boolgeeda_Iron_Formation,P__HAo_ci,#B5E1FC
Mount_McRae_Shale_and_Mount_Sylvia_Formation,A_HAu_xsl_ci,#B6846A
Widgiemooltha_Supersuite,P__WI_o,#1EC868
Eastern_Goldfields_Superterrane_greenstones,A_fa_YEG,#FFF3CF
Mount_House_Group,P__HU_se,#FBCB8C
Youanmi_Terrane_greenstones,A_mw_YYO,#78DEA4
Yelma_Formation,P__ETy_sz,#C0967F
Narryer_Terrane_greenstones,A_f_YNA,#FEE79F
Killara_Formation,P__YMk_bb,#FEE5D2
Eastern_Goldfields_Superterrane_greenstones,A_mnqf_YEG,#CFDAD7
Fortescue_Group,A_FO_xo_a,#BCEED2
Kulkatharra_Dolerite,P__WKku_od,#8EE4B4
South_West_Terrane_greenstones,A_mi_YSW,#6BC3F9
Narryer_Terrane_granitic_unit,A_g_YNA,#FECFCB
Carranya_Formation,O__ca_sp,#EEB1FE
Kimberley_Group__lower,P__KML_xs_bb,#E7BE91
Louisa_Downs_Group,P__LD_sk,#F5D4E9
Fitzroy_Volcanics,NM__fi_i,#F7D886
Oscar_Range_Group,P__OS_xs_b,#C0967F
Eastern_Goldfields_Superterrane_greenstones,A_bs_YEG,#8AFE8D
Woongarra_Rhyolite,P__HAw_fr,#CAA894
Pilbara_Supergroup,A_PI_xmb_mu,#C4FEC6
Whundo_Group,A_WH_xb_f,#FED473
Constantine_Sandstone,A_CDc_s,#FBDAC3
Jean_Well_Granodiorite,A_MRje_gg,#FE9E98
Maitland_Intrusion,A_STma_xo_a,#A5E9C3
Yilgarn_Craton_granites,A_gp_Y,#FD319A
Yilgarn_Craton_granites,A_gmp_Y,#FECFCB
Yilgarn_Craton_granites,A_gc_Y,#FE9E98
Holmwood_Shale,P__ho_sh,#84CDFA
Narryer_Terrane_greenstones,A_mwa_YNA,#63FD67
Yilgarn_Craton_granites,A_xmgs_mb_Y,#FECFCB
Carnegie_Formation,P_E__cn_swq,#FFEDDD
Buldya_Group,P__BU_xs_k,#EFCFA3
Halls_Creek_Group,P__HC_xmd_mb,#ECE5D1
Antrim_Plateau_Volcanics_and_Lally_Conglomerate,E__an_xbb_s,#F4C1E6
Crowhurst_Group,P__CR_xs_k,#AB7355
Koongie_Park_Formation,P___ke_xmf_md,#F1EDD1
Eastman_Granite,P___ea_grl,#F4946D
Kuniandi_Group,P__KN_se,#F7CEA8
Colombo_Sandstone,P___co_st,#FECFCB
Talbot_Zone_metasedimentary_unit,P__md_PTRB,#FECE90
Eastern_Goldfields_Superterrane_greenstones,A_fnv_YEG,#FFF3CF
Eastern_Goldfields_Superterrane_greenstones,A_msqz_YEG,#CFDAD7
Youanmi_Terrane_greenstones,A_mhsg_YYO,#F4B67D
Talbot_and_Connaughton_Zones_metagranitic_unit,P__mgnu_PTRO,#FCB6FB
Connaughton_Zone_metamorphosed_mafic_volcanic_unit,P__xmb_md_PTRC,#D6DA84
Coolbro_Sandstone,P__THc_stq,#EFDCD7
Durba_Sandstone,P_E_DId_st,#EFB00D
Broadhurst_Formation,P__THb_shh,#D8A79B
Yandagooge_Formation,P___ya_mls,#FEDC6E
Turee_Creek_Group,P__TK_s,#E0CABF
Famennian_reef_complexes__marginal_slope_and_basin_facies,D__as_ktsi,#CAD2FC
Givetian__Frasnian_reef_complexes__platform_facies,D__rp_kltp,#F8E6FE
Barbwire_Sandstone,J__bw_sp,#ADFED5
Beasley_River_Quartzite,P__SKq_stq,#F1BC89
Nanutarra_Formation_and_Yarraloola_Conglomerate,K__ny_sp,#D4FEA1
Cliff_Pool_Tonalite,A_EHcl_mgt,#FD7E75
Proterozoic_siliciclastic_rocks,P__sz_WAC,#BFADB3
South_West_Terrane_greenstones,A_xmb_mu_YSW,#B1FEB3
South_West_Terrane_greenstones,A_xmwo_mro_YSW,#62D895
South_West_Terrane_greenstones,A_mwo_YSW,#62D895
South_West_Terrane_greenstones,A_mb_YSW,#9EFEA0
Wilki_Formation,P__LAw_stq,#EFDCD7
Puntapunta_Formation,P__LAp_kd,#D09587
Manganese_Group,P__MN_s,#F7B297
Big_Bell_Suite,A_SDB_mg,#F4BAB7
Youanmi_Terrane_greenstones,A_cx_YYO,#C5E2FE
Youanmi_Terrane_greenstones,A_xmb_mg_YYO,#A5E9C3
Rushall_Slate,A_CDr_mlv,#A4B6BD
South_West_Terrane_greenstones,A_mkqx_YSW,#FE83C2
Johnson_Cairn_Formation,P__YWc_sl,#FCEBCE
Juderina_Formation,P__YWj_s,#F7D7A0
Coomberdale_Subgroup,P__OAC_xss_kd,#F9DF9E
Marra_Mamba_Iron_Formation,A_HAm_cib,#B5E1FC
Tuckanarra_Suite,A_TU_mg,#F76EA4
Bitter_Springs_Group,P__BS_kds,#FEDCBB
Maurice_Formation,P_E__ma_stq,#FEDCBB
Sir_Frederick_Conglomerate,P_E__fd_sg,#FEDCBB
Carrington_Suite,P__CN_mg,#FEDEF8
Anketell_Formation,K__an_st,#93FD14
Lucas_Formation,PZ__lc_ss,#EAEDFE
Tabletop_Zone_granitic_unit,P__xg_mn_PTRT,#FDD3FD
Rooney_and_Springo_Inliers_granitic_unit,A_g_PRS,#FECFCB
Mount_Negri_Volcanic_Member,A_CDbn_b,#8AFE8D
Sisters_Supersuite,A_ST_gmb,#FEBFBA
Yilgarn_Craton_granites,A_gmi_Y,#FD5E53
Rooney_and_Springo_Inliers_greenstones,A_s_PRS,#E3DDDB
Karratha_Granodiorite,A_CEkr_gg,#F8BEE0
Tozer_Formation,A_WHt_xb_f,#FED473
Cooya_Pooya_Dolerite,A_FOkc_od,#8EE4B4
Orpheus_Supersuite,A_OP_xg_o,#78DEA4
Jallagnoonina_Granodiorite,A_STja_ggh,#FEBFBA
Honeyeater_Basalt,A_SOh_b,#DFF3CA
Satirist_Monzogranite,A_STsa_gm,#FE9E98
Sylvania_Inlier_greenstones,A_og_PYV,#8EE4B4
Givetian__Frasnian_reef_complexes__marginal_slope_and_basinal_facies,D__gs_ktxi,#F2D6FE
Cadjebut_Formation,D__cj_skcv,#ABB6FA
Yilgarn_Craton_granites,A_gm_Y,#FECFCB
Eastern_Goldfields_Superterrane_greenstones,A_od_YEG,#8EE4B4
Eastern_Goldfields_Superterrane_greenstones,A_mwa_YEG,#3CFD41
Eastern_Goldfields_Superterrane_greenstones,A_mu_YEG,#B1A6FC
Eastern_Goldfields_Superterrane_greenstones,A_xb_s_YEG,#C4FEC6
Youanmi_Terrane_greenstones,A_xmb_mu_YYO,#B1FEB3
Youanmi_Terrane_greenstones,A_md_YYO,#E3DDDB
Peawah_Granodiorite,A_STpe_ggh,#FECFCB
Illaara_Formation,A__il_mtq,#DAD2CF
Pyradie_Formation,A_FOp_bs,#D5D7B6
South_West_Terrane_greenstones,A_md_YSW,#E3DDDB
Ninety_Seven_Mile_Formation_and_Elimberrie_Formation,P___ne_xsp_bb,#FBE7D4
Revolver_Creek_Formation,P___rc_xss_bb,#EEE7EA
Carr_Boyd_Group,P__CB_s,#F3C89D
Youanmi_Terrane_greenstones,A_xbb_og_YYO,#B1FEB3
Wonyulgunna_Sandstone,P__MSw_st,#EEB041
Marymia_Inlier_granitic_unit,A_g_YMA,#FECFCB
Whyjabby_Granodiorite,A_MRwh_ggp,#FE9E98
Twin_Table_Monzogranite,A_RAtw_gf,#FFDFDD
Callytharra_Formation,P__ca_kt,#6BC3F9
Youanmi_Terrane_greenstones,A_xmuk_mi_YYO,#D3CCFD
South_West_Terrane_greenstones,A_xmi_mwo_YSW,#3AAFF7
Narracoota_Formation,P__BYn_bb,#F1C5D7
Karalundi_Formation,P__BYk_st,#DA6595
Eastern_Goldfields_Superterrane_greenstones,A_sc_YEG,#E3DDDB
Cullculli_Suite,A_ANC_mg,#FFDFDD
Mesozoic_siliciclastic_units__eastern_Canning_Basin,MZ_s_CA,#BAFCEC
Frere_Formation,P__ETf_xci_sf,#D5B9AA
Yilgarn_Craton_granites,A_mgnl_Y,#FE98CC
Chester_Formation,A__cc_ml,#BFB1AC
Kurrawang_Formation,A__kw_s,#CBD3D7
Butcher_Bird_Monzogranite,A_MDbb_gm,#FECFCB
Youanmi_Terrane_greenstones,A_meax_YYO,#CFDAD7
Deception_Hill_Microgranite,A__dh_gnap,#FEC1E1
Youanmi_Terrane_greenstones,A_uk_YYO,#D3CCFD
Yilgarn_Craton_granites,A_xg_mb_Y,#FEAEA9
Ashburton_Formation,P__WYa_s,#FEE2BD
Yarraloola_Conglomerate,K__ya_sc,#C9FE8A
Maraloou_Formation,P__YMm_sl,#F1D8BD
Mystery_Monzogranite,A__my_gm,#FE9E98
Errabiddy_Formation,P__BDe_st,#F9DF9E
Jungar_Suite,A_JU_mgms,#FA98BE
Doolgunna_Formation,P__YMd_sta,#FAE2B6
Marda_Complex,A_MD_s,#FEE79F
Yannery_Granite,A_STya_gfh,#FEBFBA
Bradley_Basalt,A_WHb_b,#FEE2A1
Walganna_Suite,A_BRG_gm,#FCC1D8
Yilgarn_Craton_granites,A_xmgn_mgss_Y,#FECFCB
Byro_Group__lower,P_BYL_sf,#A9DCFC
Cheela_Springs_Basalt,P__SKb_bb,#B1FEB3
Marda_Complex,A_MD_f,#FEE79F
Yilgarn_Craton_granites,A_gi_Y,#FEAEA9
Bunjinah_Formation,A_FOu_bbo,#E6E7D3
Yilgarn_Craton_granites,A_mgm_Y,#FEBFBA
Millury_Formation,P__MSm_st,#EEB041
Coonabildie_Formation,P__MVc_ss,#F7B297
Narryer_Terrane_metagranitic_unit,A_xmgn_g_YNA,#FE8E87
Irwin_River_Coal_Measures,P__ir_ssh,#6BC3F9
Yilgarn_Craton_granites,A_gnap_Y,#FEADD7
Eastern_Goldfields_Superterrane_greenstones,A_xf_s_YEG,#FEDC6E
South_West_Terrane_greenstones,A_cc_YSW,#9DD7FB
Langfield_Group,C_LA_sk,#E3E8EA
Warrawoona_Group,A_WA_xb_f,#CAEAA7
Day_Rock_Granodiorite,A__dr_gg,#FCA4F4
Teague_Granite,A__te_gfl,#FFDFDD
Kulele_Limestone,P__EMk_kls,#D5B9AA
Yilgarn_Craton_granites,A_gfl_Y,#FD5E53
Sylvania_Inlier_greenstones,A_b_PYV,#C4FEC6
Sylvania_Inlier_greenstones,A_u_PYV,#B1A6FC
South_West_Terrane_greenstones,A_b_YSW,#C4FEC6
South_West_Terrane_greenstones,A_xmdsr_mwo_YSW,#CFDAD7
Youanmi_Terrane_greenstones,A_xmd_mu_YYO,#BFB1AC
Yilgarn_Craton_granites,A_mgtn_Y,#DAD2CF
Munni_Munni_Intrusion,A_STmu_xo_a,#A5E9C3
Nallana_Formation,A_WHn_b,#FEE2A1
Brill_Monzogranite,A_MRbr_gmp,#FE9E98
Nerrely_Leucogranite,A__ne_gftb,#FE8E87
Mundine_Well_Dolerite_Suite,P__MW_od,#1EC868
Carynginia_Formation,P__cg_sf,#9DD7FB
Sylvania_Inlier_greenstones,A_s_PYV,#E3DDDB
Mount_Gregory_Monzodiorite,A_OPmg_gh,#FD5E53
Allanson_Sandstone,P_CLa_szh,#9DD7FB
Sylvania_Inlier_greenstones,A_cc_PYV,#6BC3F9
Mount_McGrath_Formation,P__WYm_sp,#FECE90
Yilgarn_Craton_granites,A_xg_b_Y,#FECFCB
Wooramel_Group,P_WO_ss,#84CDFA
Yarrawolya_Formation,P__BDy_sf,#F9DF9E
Powdar_Monzogranite,A_STpo_gm,#FEAEA9
Grass_Flat_Gabbro,A__gf_og,#9EFEA0
Imbin_Inlier_felsic_volcanic_unit,P__fcp_GAI,#FEEDB7
Eastern_Goldfields_Superterrane_greenstones,A_cib_YEG,#099BF5
Ularring_Monzogranite,A__ul_gm,#FEADD7
Millars_Monzogranite,A__mi_gmq,#FECFCB
Youanmi_Terrane_greenstones,A_xmwo_mwa_YYO,#76FE7A
Watch_Point_Formation,P__SUw_ss,#F9DF9E
Coondra_Formation,P__SUc_sg,#F9DF9E
Milli_Milli_Inlier_metagranitc_unit,A_mgn_PMI,#FE6FB8
Billinooka_Inlier_granitic_unit,A_g_PBK,#FFDFDD
Snell_Well_Granodiorite,A_OPsn_gg,#FD5E53
Big_Bell_Suite,A_SDB_gmp,#FC9A94
Tjauwata_Group,P__TJ_xmh_mb,#DAD2CF
Yaloginda_Formation,A_NOy_cx,#CDFCB9
Yilgarn_Craton_granites,A_mgno_Y,#FFDFDD
Murrouli_Basalt,A_NOm_mb,#B1FEB3
Jungar_Suite,A_JU_mg,#FA98BE
Bottle_Creek_Microgranite,A__bc_gnap,#FEC1E1
McFadden_Formation,P__DIm_st,#F9DF9E
Karara_Formation,P__TAk_sp,#F7D886
Cheearra_Monzogranite,A_STch_mgm,#FEBFBA
Mafic_intrusive_unit,od,#1EC868
Amhurst_Metamorphics,P___am_xmg_md,#D4D3A5
Glidden_Group,P__GL_s,#F1BC89
Bullock_Hide_Intrusion,A_RAbu_xo_a,#7CF085
Railway_Supersuite,A_RA_mg,#FFDFDD
Boongal_Formation,A_FOo_bbo,#EEEFE2
Chiall_Formation,P__EMc_ss,#CAA894
Mulgarra_Sandstone,P__EMu_st,#AB7355
Badgeradda_Basin_metamorphosed_unit,P__xmd_mb_BD,#F4B67D
Coomberarie_Formation,P__BDc_ss,#F9DF9E
Woodrarrung_Sandstone,P__BDw_st,#F9DF9E
Pigeon_Rocks_Monzogranite,A__pr_gm,#FEBFBA
Diemals_Formation,A__di_s,#EDE9E7
Moora_Group,P__OA_xs_b,#F5D06E
Mullingarra_Gneiss,P___mg_xmdn_mwa,#D2C4C9
Duerdin_Group,P__DE_s,#F7CEA8
Narryer_Terrane_greenstones,A_mu_YNA,#B1A6FC
Cooninia_Inlier_granitic_unit,A_g_PCN,#FFDFDD
San_Sou_Monzogranite,P___ss_gmb,#ED54A5
Tarlwa_Pool_Tonalite,A_CEta_mgt,#F8BEE0
Sylvania_Inlier_greenstones,A_cib_PYV,#099BF5
Sylvania_Inlier_greenstones,A_f_PYV,#FEE79F
Isdell_Formation,P___is_kx,#D5BE98
Golden_Eagle_Orthogneiss,A_MBge_mgtn,#FE9E98
Yandeearra_Granodiorite,A_STyn_gg,#FEAEA9
Pilbara_Creek_Monzogranite,A_STic_gm,#FEAEA9
Corboy_Formation,A_SOc_s,#C8BCB8
Mungaroona_Granodiorite,A_STmr_gg,#FEBFBA
Ruby_Plains_Group,P__RP_xs_k,#F5E5D3
Yalgowra_Suite,A_SDY_xod_og,#D3E6D8
Greensleeves_Formation,A_POg_f,#FDD03E
Tarcunyah_Group,P__TA_sk,#F5D06E
Table_Hill_Volcanics,E__th_xbb_s,#FFECD3
Bungle_Bungle_Dolomite,P___uu_kds,#E8DFE3
Edmund_Group__Depositional_package_1,P__MEP1_kt,#F0BA59
Youanmi_Terrane_greenstones,A_bs_YYO,#3CFD41
Narryer_Terrane_greenstones,A_xmh_mi_YNA,#BFB1AC
Ewington_Coal_Measures,P_CLe_szh,#9DD7FB
Premier_Coal_Measures,P_CLp_snh,#9DD7FB
Stockton_Group,P_ST_sepg,#9DD7FB
Sylvania_Inlier_greenstones,A_bk_PYV,#8AFE8D
Big_Bell_Suite,A_SDB_mgmu,#F4BAB7
Metamorphic_unit,myyq,#000000
Connaughtone_Zone_metamorphosed_ultramafic_unit,P__mu_PTRC,#D4CCFE
Prices_Creek_Group,O_PC_kt,#F8E0FE
Chatarie_Well_Granite,A__ch_gm,#FEBFBA
Hickey_Ricken_Granite,A__hr_g,#FEBFBA
Yilgarn_Craton_granites,A_xmgs_mi_Y,#FECFCB
Yandanooka_Group,P__YA_s,#F5D06E
Youanmi_Terrane_greenstones,A_mrqm_YYO,#FEBCB0
Youanmi_Igneous_Complex__lower_zone,A_ANyl_xogx_mat,#74E07F
Wogala_Suite,A_BRO_gfv,#FCC1D8
Mount_Kenneth_Suite,A_ANK_mg,#FEEAF2
Cundimurra_Monzogranite,A_TUcu_mgmu,#F76EA4
Yaloginda_Formation,A_NOy_xf_cib,#FEDC6E
Warambie_Basalt,A_WCw_b,#C4FEC6
Woora_Woora_Formation,P__DIw_ss,#FAE7B6
Mundadjini_Formation,P__SUm_ss,#F9DF9E
Nooloo_Formation,P__TAn_kt,#F7D886
Boondawari_Formation,P___bo_sepg,#EFB00D
Ahern_Formation,P___ah_stq,#FECBA8
Bresnahan_Group,P__BR_s,#DDD5BC
Pilbara_Craton_granitic_unit,A_g_P,#FEAEA9
Murchison_Supergroup,A_MU_mu,#D8FFD9
Windimurra_Igneous_Complex__border_zone,A_ANwb_mog,#0F9B99
Annean_Supersuite,A_AN_od,#86ECD2
Annean_Supersuite,A_AN_mg,#EDB2CA
Racecourse_Tonalite,A_ANrc_mg,#F698C6
Barlangi_Granophyre,AP___bg_gv,#FEBAEA
Norie_Group,A_NO_msmz,#BEB477
Greenbushes_Pegmatite,A__ge_gp,#F65997
Skates_Hills_Formation,P__SUs_xkds_s,#F9DF9E
Mungarinya_Monzogranite,A_STug_gmp,#FEBFBA
Cundaline_Formation,A_GCu_s,#D4D3A5
Buldya_Group__upper,P__BUU_sf,#FED3AA
Clutterbuck_Formation,P_E__cl_sz,#FFEDDD
Sally_Malay_Suite,P__SM_xo_a,#E9E6FE
Mount_Parker_Formation,P___mp_s,#F3EFF1
Wade_Creek_Formation,P___wc_s,#FDC45D
Lamboo_Province_ultramafic_intrusive_unit,P__a_LM,#BCB3FD
Woodward_Dolerite,P___wd_mod,#78DEA4
South_Whundo_Monzogranite,A_OPso_gm,#FD5E53
Westralia_Sandstone,P_CLw_ss,#9DD7FB
North_Whundo_Intrusion,A_STnw_o,#A5E9C3
Milli_Milli_Inlier_greenstones,A_s_PMI,#E3DDDB
Tchukardine_Formation,P__DIt_ss,#FAE7B6
Elizabeth_Hill_Supersuite,A_EH_g,#FA46BE
Strelley_Pool_Formation,A_PIs_xs_c,#CEEBFD
Mount_Sholl_Intrusion,A_STms_xo_a,#A5E9C3
Narryer_Terrane_greenstones,A_b_YNA,#C4FEC6
Jilyili_Formation,P__MVj_ss,#FAD1C1
Glass_Spring_Formation,P__MVg_st,#F9C2AC
Choorun_Formation,P__TAc_sg,#F7D886
Yamarna_Terrane_greenstones,A_xmws_mfs_YYA,#63FD67
Red_Rock_Formation,P___rk_xs_bb,#D1DBDE
Dougalls_Suite,P__DO_jmgt_mw,#FE9E98
Milli_Milli_Inlier_greenstones,A_b_PMI,#C4FEC6
Eastern_Goldfields_Superterrane_greenstones,A_xb_f_YEG,#C4FEC6
Radio_Hill_Intrusion,A_STrh_xo_a,#A5E9C3
Woodbrook_Formation,A_WHw_f,#FED473
Dingo_Intrusion,A_STdi_xo_a,#A5E9C3
Waloo_Waloo_Monzogranite,A_MRwa_gm,#FE9E98
Archean__Proterozoic_metasiliciclastic_unit,AP__mtq_WAC,#E4E0C3
Brownrigg_Sandstone,P__TAb_st,#FCEFCF
Wongarlong_Formation,P__TAo_ssqv,#F7D886
Yandanunyah_Formation,P__TAy_sk,#F5D06E
Helicopter_Siltstone,P___he_sf,#FEE5D4
Sally_Downs_Supersuite,P__SD_g,#FE9E98
Throssell_Range_Group,P__TH_xs_kx,#D8A79B
Dalton_Suite,A_DA_xo_a,#78DEA4
Edmund_Group__Depositional_package_4,P__MEP4_xs_k,#F9E1B8
Burtville_Terrane_greenstones,A_u_YBU,#B1A6FC
Lennis_Sandstone,EO__le_st,#EFBEE7
Willy_Willy_Formation,P__MSy_kds,#F2C471
Wongawol_Formation,P__EMo_sf,#D5B9AA
Malmac_Granite,A__mc_gm,#FE9E98
Hatfield_Formation,A__hf_md,#BFB1AC
South_West_Terrane_greenstones,A_xmi_mb_YSW,#53B9F8
Youanmi_Terrane_greenstones,A_mwa_YYO,#63FD67
Jimberlana_Norite,P__WIji_xo_a,#4BD386
Youanmi_Terrane_greenstones,A_xc_o_YYO,#6BC3F9
Yilgarn_Craton_granites,A_mgi_Y,#FEAEA9
Youanmi_Terrane_greenstones,A_xmc_mwa_YYO,#3AAFF7
Yilgarn_Craton_granites,A_gmys_Y,#FECFCB
Woblegun_Formation,P__MNw_sf,#F7B297
Waroongunyah_Formation,P__TAw_ktsv,#F9DF9E
Barrambie_Igneous_Complex,A_ANbm_xony_am,#88E092
Oldham_Sandstone,P___ol_stz,#F2C471
Yilgarn_Craton_granites,A_xmgni_mwa_Y,#FEBFBA
Lake_Medcalf_Igneous_Complex,A__lm_og,#5DDB6A
Maggie_Hays_Formation,A__mh_xbb_s,#66EE70
Muja_Coal_Measures,P_CLm_snh,#9DD7FB
Panton_Suite,P__PT_xmo_ma,#D3CCFD
Duck_Creek_Dolomite,P__WYd_kd,#EFCFA3
Lander_Rock_Formation,P___lr_mh,#EEE4A4
Angas_Hill_Formation,P_E__ag_sg,#FFEDDD
Yamarna_Terrane_greenstones,A_mwa_YYA,#63FD67
Narryer_Terrane_greenstones,A_mba_YNA,#3CFD41
Narryer_Terrane_metagranitic_unit,A_xmgn_mb_YNA,#FEAEA9
Kiwirrkurra_Formation,P___kr_sp,#D1DBDE
Heavitree_Formation_and_Bitter_Springs_Group,P__HB_xs_k,#FEDCBB
Panorama_Formation,A_WAp_f,#FED656
Pilbara_Craton_greenstones,A_mhs_P,#DAD2CF
Lamboo_Province_ultramafic_intrusive_unit,P__ap_LM,#A699FC
Paleozoic_siliciclastic_units__Canning_Basin,PZ_s_CA,#EAEDFE
Quadrio_Formation_and_Cornelia_Sandstone,P___qc_ss,#EEB041
Googhenama_Formation,P__TAg_sg,#F5D06E
Fortescue_Group,A_FO_xb_s,#D5D7B6
Honman_Formation,A__hm_c,#72BDFD
Albert_Edward_Group,P__AL_s,#DFB9AF
Texas_Downs_Formation,P___td_xs_bb,#C6D2D6
Youanmi_Terrane_greenstones,A_u_YYO,#B1A6FC
Munyu_Sandstone,P___my_st,#AAAAA2
Youanmi_Terrane_greenstones,A_xmwa_mc_YYO,#76FE7A
Pilbara_Supergroup,A_PI_xmwa_g,#76FE7A
Flat_Rocks_Tonalite,A_MBfr_mgt,#FD319A
Hidden_Basin_beds,P___hi_ss,#FEDCBB
Murchison_Supergroup,A_MU_bs,#D8FFD9
Bonney_Downs_Monzogranite,A_SRbo_gm,#FD7E75
Coondamar_Formation,A_NUc_xmd_mw,#FBDAC3
Burtville_Terrane_greenstones,A_mu_YBU,#B1A6FC
Burtville_Terrane_greenstones,A_xb_s_YBU,#C4FEC6
Burtville_Terrane_greenstones,A_s_YBU,#E3DDDB
Yilgarn_Craton_granites,A_gn_Y,#FD5E53
Jungar_Suite,A_JU_xmg_mb,#FA98BE
Chunderloo_Monzogranite,A_JUcl_mgms,#FA98BE
Norie_Group,A_NO_b,#8AFE8D
Northern_Foreland_metagranitic_unit,A_mgm_AFON,#FEBFBA
Youanmi_Terrane_greenstones,A_xbb_cl_YYO,#9EFEA0
Wanna_Formation,OS__wa_st,#F4D0FE
Wirrildar_beds,E__wr_xst_kd,#EAA8DF
Giles_Suite_1,P__WKg1_xo_a,#6EE9C8
Big_Bell_Suite,A_SDB_gmfe,#EE9894
Burtville_Terrane_greenstones,A_f_YBU,#FEE79F
Burtville_Terrane_greenstones,A_b_YBU,#C4FEC6
Yamarna_Terrane_greenstones,A_mfsf_YYA,#FEE79F
Yamarna_Terrane_greenstones,A_mds_YYA,#DAD2CF
Burtville_Terrane_greenstones,A_xmwa_mdqj_YBU,#63FD67
Turkey_Hill_Formation,P___tk_ss,#DDE4E6
Burtville_Terrane_greenstones,A_cc_YBU,#6BC3F9
Yilgarn_Craton_granites,A_xmgss_mwa_Y,#FECFCB
Burtville_Terrane_greenstones,A_xmos_mgss_YBU,#4BD386
Burtville_Terrane_greenstones,A_xbb_md_YBU,#B1FEB3
Burtville_Terrane_greenstones,A_xmws_mfs_YBU,#63FD67
Burtville_Terrane_greenstones,A_mnfq_YBU,#FD5AAE
Burtville_Terrane_greenstones,A_mwa_YBU,#3CFD41
Yamarna_Terrane_greenstones,A_og_YYA,#8EE4B4
Burtville_Terrane_greenstones,A_xmws_mus_YBU,#63FD67
Yamarna_Terrane_greenstones,A_mbs_YYA,#3CFD41
Burtville_Terrane_greenstones,A_od_YBU,#8EE4B4
Yilgarn_Craton_granites,A_xmgss_mba_Y,#FECFCB
Burtville_Terrane_greenstones,A_bb_YBU,#C4FEC6
Mapa_Igneous_Complex,A__rn_xo_mo,#A5E9C3
Tobin_Formation,A__tb_xs_c,#E3DDDB
Burtville_Terrane_greenstones,A_mbsr_YBU,#63FD67
Burtville_Terrane_greenstones,A_must_YBU,#E9E6FE
Burtville_Terrane_greenstones,A_xsty_gm_YBU,#E3DDDB
Mount_Weld_Carbonatite,P___wl_r,#B6F7F4
Yamarna_Terrane_greenstones,A_mfss_YYA,#FEE79F
Yamarna_Terrane_greenstones,A_s_YYA,#E3DDDB
Toppin_Hill_Formation,A__tp_xf_s,#FFF3CF
Yamarna_Terrane_greenstones,A_bbg_YYA,#C4FEC6
Yamarna_Terrane_greenstones,A_xmws_mgss_YYA,#63FD67
Burtville_Terrane_greenstones,A_mws_YBU,#63FD67
Palkapiti_Formation,A__lk_xf_s,#FEE79F
Yamarna_Terrane_greenstones,A_xmws_mus_YYA,#63FD67
Burtville_Terrane_greenstones,A_xmb_md_YBU,#B1FEB3
Yamarna_Terrane_greenstones,A_muts_YYA,#E9E6FE
Yamarna_Terrane_greenstones,A_xmbs_mu_YYA,#B1FEB3
Yamarna_Terrane_greenstones,A_xmb_g_YYA,#B1FEB3
Burtville_Terrane_greenstones,A_fa_YBU,#FFF3CF
Burtville_Terrane_greenstones,A_og_YBU,#8EE4B4
Burtville_Terrane_greenstones,A_bs_YBU,#8AFE8D
Burtville_Terrane_greenstones,A_xmwa_cci_YBU,#63FD67
Wartu_Monzogranite,A__wt_gm,#FECFCB
Burtville_Terrane_greenstones,A_mbs_YBU,#3CFD41
Yilgarn_Craton_granites,A_gmb_Y,#FECFCB
Point_Salvation_Monzogranite,A__ps_gmys,#FECFCB
Burtville_Terrane_greenstones,A_mrs_YBU,#FEE79F
Mount_Venn_Igneous_Complex,A__vn_o,#BCEED2
Yilgarn_Craton_granites,A_gf_Y,#FECFCB
Yamarna_Terrane_greenstones,A_mnqf_YYA,#CFDAD7
Swincer_Dolerite,A__si_o,#E8FAF0
Yamarna_Terrane_greenstones,A_mws_YYA,#63FD67
Yilgarn_Craton_granites,A_xmgss_mw_Y,#FECFCB
Burtville_Terrane_greenstones,A_xmu_mb_YBU,#DED9FE
Burtville_Terrane_greenstones,A_xax_og_YBU,#BCB3FD
Ziggy_Monzogranite,A__zi_gm,#FA99F9
Yamarna_Terrane_greenstones,A_bb_YYA,#C4FEC6
Yamarna_Terrane_greenstones,A_xmbs_mds_YYA,#63FD67
Yilgarn_Craton_granites,A_ggi_Y,#FEAEA9
Burtville_Terrane_greenstones,A_xbb_gna_YBU,#B1FEB3
Yamarna_Terrane_greenstones,A_mfas_YYA,#FDD03E
Yamarna_Terrane_greenstones,A_ms_YYA,#E7ECEB
Yamarna_Terrane_greenstones,A_xmnqf_mgss_YYA,#CFDAD7
Burtville_Terrane_greenstones,A_xu_ci_YBU,#B1A6FC
Yamarna_Terrane_greenstones,A_cc_YYA,#6BC3F9
Ngarrutji_Monzogranite,A__ng_gm,#FECFCB
Burtville_Terrane_greenstones,A_xbb_mgss_YBU,#B1FEB3
Burtville_Terrane_greenstones,A_o_YBU,#BCEED2
Burtville_Terrane_greenstones,A_xmwa_mgss_YBU,#76FE7A
Mason_Knob_Monzogranite,A__as_gmp,#FECFCB
Burtville_Terrane_greenstones,A_xbb_mu_YBU,#B1FEB3
Burtville_Terrane_greenstones,A_xcci_md_YBU,#9DD7FB
Burtville_Terrane_greenstones,A_xog_bb_YBU,#BCEED2
Burtville_Terrane_greenstones,A_xbb_cci_YBU,#B1FEB3
Burtville_Terrane_greenstones,A_xbb_og_YBU,#B1FEB3
Burtville_Terrane_greenstones,A_xmw_mf_YBU,#B1FEB3
Argus_Igneous_Complex,A__gs_mo,#9FD7D6
Copperfield_Monzogranite,A__cf_mgm,#F26EB0
Forest_Belle_Gabbro,A__fb_og,#A5E9C3
Yilgarn_Craton_granites,A_gt_Y,#FECFCB
Neoproterozoic__Cambrian_sedimentary_rocks__Amadeus_Basin,P_E_s_NA,#FED3AA
Neoproterozoic_sedimentary_rocks__western_Amadeus_Basin,P__sk_NA,#FED3AA
Mu_Formation,E__mu_sm,#E492D8
Aileron_Province_granitic_unit,P__g_AI,#FE6FB8
Ininti_Granite,P___it_mgn,#FDADE6
Kulail_Sandstone__Dean_Quartzite__Heavitree_Quartzite__and_Vaughan_Springs_Quartzite,P___hd_stq,#FFEDDD
Walungurru_Volcanics,P___wu_mfc,#F4BAB7
Mereenie_Sandstone,SD__me_st,#F7E8FE
Stokes_Siltstone,O__st_sk,#EED1FE
Pollock_Hills_Formation,P___ph_mfd,#F4BAB7
Waluwiya_Suite,P__WU_mgg,#F9ACE7
Lake_Mackay_Quartzite,P___lm_mtq,#CFCFD0
Mount_Webb_Granite,P___we_mgm,#FEE2FD
Rapide_Granite,P__CNra_mg,#FEDEF8
Dwarf_Well_Granite,P__CNdw_mgm,#FEDEF8
Mount_Harris_Basalt,P__TJh_mbb,#EDCCDC
Bloods_Range_Formation,P__TJb_xmh_mv,#DAD2CF
Pottoyu_Granite_Suite,P__PJO_mg,#FCB9FA
Cleland_Supersuite,A_CE_g,#F8BEE0
Tickalara_Metamorphics,P__TI_xmw_m,#DDD28C
Ashburton_Formation,P__WYa_ca,#FED8A7
Ashburton_Formation,P__WYa_bbo,#FEE2BD
Kaluweerie_Conglomerate,P___ka_sc,#FDE00B
Murchison_Supergroup,A_MU_mb,#D8FFD9
Windimurra_Igneous_Complex,A_ANwi_xmog_mg,#9FD7D6
Windimurra_Igneous_Complex__lower_zone,A_ANwl_xol_oml,#6FC3C2
Warakurna_Supersuite,P__WK_g,#FEE4F7
Buldya_Group__lower,P__BUL_sk,#FEDCBB
Skirmish_Hill_Formation,P__KRs_xf_b,#DAE59F
Ediacaran__Cambrian_sedimentary_rocks__Officer_Basin,P_E_sp_NO,#F9DF9E
Wirku_Metamorphics,P___wm_mh,#FDD7BB
Wahlgu_Formation,P___wg_sepg,#F1B13B
Lupton_Formation,P___lu_se,#D2C4C9
Shingle_Creek_Group,P__SK_xb_s,#9EFEA0
Sisters_Supersuite,A_ST_gmp,#FEBFBA
Kathleen_Valley_Gabbro,A_KV_o,#8EE4B4
Murchison_Supergroup,A_MU_mo,#D8FFD9
Barrambie_Igneous_Complex,A_ANbm_ap,#D6A8FC
Murchison_Supergroup,A_MU_xmws_mds,#D8FFD9
Walganna_Suite,A_BRG_gmp,#FCC1D8
Atley_Igneous_Complex,A_ANat_ogy,#A7F5AD
Coomb_Bore_Monzogranite,A__cm_mgm,#FE9E98
Mount_Holmes_Gabbro,P__WKho_og,#8EE4B4
Windimurra_Igneous_Complex__roof_zone,A_ANwr_xogp_od,#87CDCC
Tuckanarra_Suite,A_TU_mgmu,#FA98BE
Atley_Igneous_Complex__upper_zone,A_ANaz_xam_ogl,#D3CCFD
Mount_Kenneth_Suite,A_ANK_gt,#FEEAF2
Lady_Alma_Igneous_Complex,A_ANla_og,#7CF085
Walganna_Suite,A_BRG_gmfe,#FCC1D8
Annean_Supersuite,A_AN_map,#ABB6FA
Norie_Group,A_NO_musr,#B1A6FC
Meekatharra_Formation,A_POm_xb_f,#9EFEA0
Nannine_Tonalite,A_ANnn_mgta,#F698C6
Wattagee_Formation,A_GLw_mbms,#E3DDDB
Garden_Rock_Monzogranite,A_BRga_gmp,#FCC1D8
Munarra_Monzogranite,A_TUmu_gm,#FCBD8E
Garden_Rock_Monzogranite,A_BRga_gm,#FCC1D8
Atley_Igneous_Complex__middle_zone,A_ANam_ogy,#6FC3C2
Narndee_Igneous_Complex,A_ANna_xony_any,#D2F4E1
Wilgie_Mia_Formation,A_POw_xcib_f,#84CDFA
Illgalara_Monzogranite,A_JUig_gm,#FA98BE
Murchison_Supergroup,A_MU_fn,#FEDC6E
Coodardy_Pool_Formation,A_POc_xmtq_mi,#C8BCB8
Kantie_Murdana_Volcanics_Member,A_NOyk_xfr_cib,#F7D886
Windimurra_Igneous_Complex__middle_zone,A_ANwm_xog_oml,#6FC3C2
Windimurra_Igneous_Complex__upper_zone,A_ANwz_xoml_am,#CFEBEB
Mount_Kenneth_Suite,A_ANK_jmg_md,#FEEAF2
Ryansville_Formation,A_GLr_s,#E3DDDB
Youanmi_Terrane_greenstones,A_a_YYO,#E2F0FE
Cundimurra_Monzogranite,A_TUcu_mg,#FA98BE
Cue_Tonalite,A_ANct_gtl,#FECFCB
Telegootherra_Monzogranite,A_BRtg_gm,#FCC1D8
Wattagee_Formation,A_GLw_f,#FFF3CF
Crossroads_Granodiorite,A_SDcr_mgg,#F4BAB7
Wattagee_Formation,A_GLw_b,#D8FFD9
Gnanagooragoo_Igneous_Complex,A_ANgn_a,#EDB2CA
Narryer_Terrane_metagranitic_unit,A_mgsn_YNA,#FECFCB
Corner_Well_Gabbro,A_ANwc_xol_apl,#87CDCC
Marlomumbah_Granite,A_BRma_gfv,#FCC1D8
Gnanagooragoo_Igneous_Complex,A_ANgn_ogy,#EDB2CA
Gnanagooragoo_Igneous_Complex,A_ANgn_od,#EDB2CA
Windimurra_Igneous_Complex__ultramafic_zone,A_ANwu_xmad_oa,#A699FC
Wattagee_Formation,A_GLw_mus,#E9E6FE
Atley_Igneous_Complex,A_ANat_masr,#A897FC
Youanmi_Igneous_Complex__border_zone,A_ANyb_od,#45D555
Hydrothermal_unit,zq,#000000
Atley_Igneous_Complex__middle_zone,A_ANam_mat,#BCB3FD
Annean_Supersuite,A_AN_gt,#EDB2CA
Narryer_Terrane_metagranitic_unit,A_mgms_YNA,#FECFCB
Narryer_Terrane_greenstones,A_mhs_YNA,#DAD2CF
Big_Bell_Suite,A_SDB_mgmm,#F4BAB7
Polelle_Group,A_PO_xmb_mf,#B1FEB3
Narndee_Igneous_Complex__middle_zone,A_ANnm_xom_mat,#A5E9C3
Narndee_Igneous_Complex__ultramafic_zone,A_ANnu_xap_ao,#A699FC
Narryer_Terrane_greenstones,A_xmu_mw_YNA,#D8FFD9
Narndee_Igneous_Complex__lower_zone,A_ANnl_xom_ax,#78DEA4
Polelle_Group,A_PO_fa,#FEE79F
Atley_Igneous_Complex__upper_zone,A_ANaz_og,#9FD7D6
Youanmi_Igneous_Complex__middle_zone,A_ANym_xom_og,#8BE594
Bungarra_Igneous_Complex,A__bu_xony_any,#0CCAC5
Youanmi_Igneous_Complex__upper_zone,A_ANyz_xam_ogl,#D5DBFD
Woolgra_Andesite_Member,A_POgw_fa,#E8FBFE
Dromedary_Bore_Granite,A_THdb_mggu,#86ECD2
Eastern_Goldfields_Superterrane_greenstones,A_a_YEG,#B1A6FC
Eastern_Goldfields_Superterrane_greenstones,A_mf_YEG,#FEE286
Merougil_Formation,A__me_st,#D9D8B0
Burtville_Terrane_greenstones,A_mfas_YBU,#FDD03E
Sophie_Downs_Suite,P__SO_xmg_mv,#FC8AFA
Burtville_Terrane_greenstones,A_mb_YBU,#C4FEC6
Speewah_Basin_felsic_extrusive_unit,P__fdp_SP,#FEEDB7
Winnama_Formation,P___wi_xmd_mw,#F1EDD1
Lamboo_Province_granitic_unit,P__gnl_LM,#FE9E98
Moola_Bulla_Formation,P___mb_sz,#CE2AD0
Browns_Range_Metamorphics,P___bw_mtnf,#E2CF60
Cambrian__Ordovician_sedimentary_rocks__Ord_Basin,EO_sk_OR,#EAA8DF
Windimurra_Igneous_Complex,A_ANwi_am,#9FD7D6
Argyle_Lamproite,P___ar_i,#63EDB2
Punkerri_Sandstone,P___pu_ss,#FDB977
Yilgarn_Craton_granites,A_xmgm_mwa_Y,#FEBFBA
Hope_Campbell_Orthogneiss,A_MNhc_mgni,#FEADD7
Balpe_Lakes_Monzogranite,A__bk_gm,#FE83C2
Burtville_Terrane_greenstones,A_madt_YBU,#D3CCFD
Baseline_Orthogneiss,A_MNpb_mgni,#FEADD7
Burtville_Terrane_greenstones,A_mls_YBU,#DAD2CF
Burtville_Terrane_greenstones,A_xss_cci_YBU,#E3DDDB
Burtville_Terrane_greenstones,A_xmls_frn_YBU,#DAD2CF
Yilgarn_Craton_granites,A_mgsb_Y,#FECFCB
Burtville_Terrane_greenstones,A_xmus_mgm_YBU,#D3CCFD
Yilgarn_Craton_granites,A_xmgnb_mgmn_Y,#FECFCB
Surprise_Orthogneiss,A_MNso_mgni,#FEADD7
Hanns_Jasper_Formation,A__hj_fdvd,#FEE286
Pilbara_Craton_greenstones,A_moa_P,#8EE4B4
Glasse_Formation,A__al_bb,#8FF76B
Roundtop_Komatiite,A__rt_uk,#BFD156
Youanmi_Terrane_greenstones,A_mba_YYO,#8AFE8D
Yilgarn_Craton_granites,A_xgm_gg_Y,#FECFCB
Youanmi_Terrane_greenstones,A_bb_YYO,#8AFE8D
June_Hill_Volcanics,P__WYj_b,#EFCFA3
Youanmi_Terrane_greenstones,A_xcx_uk_YYO,#3AAFF7
Honman_Formation,A__hm_cx,#72BDFD
Youanmi_Terrane_greenstones,A_xmba_mus_YYO,#3CFD41
Pilbara_Supergroup,A_PI_ma,#A699FC
Leilira_Formation,A_SSl_s,#DAD2CF
Tambourah_Monzogranite,A_SRta_gmd,#FE9E98
Gregory_Range_Suite,A_GR_mg,#FEAEA9
Fortescue_Group,A_FO_mos,#8EE4B4
Minnamonica_Monzogranite,A_SRmi_gmp,#FD7E75
Poocatche_Monzogranite,A_SRpo_gmv,#FD7E75
Mallindra_Well_Granodiorite,A_STml_ggh,#FEBFBA
Kangaroo_Caves_Formation,A_SSc_xf_s,#FEE79F
Callina_Supersuite,A_CL_mg,#EB3BA0
Table_Top_Formation,A_WAt_mwa,#62D895
Sisters_Supersuite,A_ST_gm,#FEBFBA
Pilbara_Craton_greenstones,A_ma_P,#A699FC
Motherin_Monzogranite,A_CLmo_xmgm_mgg,#EB3BA0
Paddy_Market_Formation,A_SOp_xca_f,#9DD7FB
Cookes_Creek_Monzogranite,A_SRco_gm,#FD7E75
Carbana_Monzogranite,A_EMca_gmp,#F492CA
Gobbos_Granodiorite,A_EMgo_gg,#F492CA
Farrel_Quartzite,A_GCf_stq,#BEBD78
Pincunah_Monzogranite,A_STpi_gmp,#FEBFBA
Beabea_Monzogranite,A_STbe_gm,#FEBFBA
Woodstock_Monzogranite,A_STwo_gm,#FEBFBA
Bridget_Suite,P__BG_gmh,#FE98CC
Charteris_Basalt,A_KEc_b,#B1FEB3
Wyman_Formation,A_KEw_xf_s,#FED473
Euro_Basalt,A_KEe_b,#B1FEB3
Mosquito_Creek_Formation,A_NUq_mh,#FAD0B4
Kunagunarrina_Formation,A_SSk_b,#D8FEBE
Lalla_Rookh_Sandstone,A_CDl_st,#FBDAC3
Tambina_Supersuite,A_TA_jmgg_mwa,#F066B6
Bellary_Formation,A_FOb_xs_b,#EEEFE2
Pilbara_Supergroup,A_PI_mwa,#8AFE8D
Petroglyph_Gneiss,A_TApe_mgtn,#F066B6
Split_Rock_Supersuite,A_SR_g,#FD7E75
Homeward_Bound_Granite,A_CLho_gf,#EB3BA0
Pear_Creek_Formation,A_FOe_xs_b,#EEEFE2
Zulu_Granodiorite,A_EMzu_gg,#F492CA
Walgunya_Trondhjemite,A_EMwa_gt,#F492CA
Strutton_Intrusion,A_WAst_xo_a,#A5E9C3
Bullgarina_Monzogranite,A_CEbu_gm,#F8BEE0
Johansen_Monzogranite,A_EMjh_gm,#F492CA
Mount_Ada_Basalt,A_WAm_b,#B1FEB3
Wolline_Monzogranite,A_CEwo_gmp,#F8BEE0
Cattle_Well_Formation,A_CDa_s,#FEE79F
Warrawoona_Group,A_WA_mus,#DED9FE
Numbana_Monzogranite,A_SRnu_gmp,#FEBFBA
Cockeraga_Leucogranite,A_EHco_gtl,#FD7E75
Wilson_Well_Gneiss,A_TAww_mgtn,#F066B6
Warrawoona_Group,A_WA_mwa,#D4EFB9
Kadgewarrina_Monzogranite,A_SRkd_gmv,#FD7E75
Kimmys_Bore_Monzogranite,A_SRkb_gme,#FD7E75
McPhee_Formation,A_WAh_xu_s,#63FD67
Marble_Bar_Chert_Member,A_WAdm_ccb,#6BC3F9
Mulgandinnah_Monzogranite,A_STmg_gme,#FE9E98
Cooglegong_Monzogranite,A_SRcg_gm,#FD7E75
Mondana_Monzogranite,A_SRmn_gm,#FD7E75
Dalton_Suite,A_DA_ma,#A699FC
Coucal_Formation,A_WAc_f,#FEEDB7
Elsie_Creek_Tonalite,A_EMel_mgtn,#F492CA
Cardinal_Formation,A_SOa_sh,#DFF3CA
Gillam_Monzogranite,A_SRgi_gmp,#FD7E75
Fig_Tree_Gneiss,A_TAft_mgtn,#F066B6
North_Pole_Monzogranite,A_TAno_gm,#F066B6
Pilbara_Craton_greenstones,A_mwa_P,#63FD67
North_Shaw_Tonalite,A_CLns_mgta,#EB3BA0
Pyramid_Hill_Formation,A_SOy_ca,#9DD7FB
Warrawoona_Group,A_WA_muts,#DED9FE
Chimingadgi_Trondhjemite,A_EMch_gt,#F492CA
Kavir_Granodiorite,A_CEka_mggb,#F8BEE0
Pilbara_Craton_greenstones,A_xmwa_g_P,#76FE7A
Wilina_Granodiorite,A_EMwi_gg,#F492CA
Spear_Hill_Monzogranite,A_SRsh_gmp,#FD7E75
Davitt_Syenogranite,A_EMda_gr,#F492CA
Coolyia_Creek_Granodiorite,A_CLco_mgg,#EB3BA0
Waltha_Woora_Formation,P__TAa_kt,#F5D06E
Pilbara_Craton_greenstones,A_mds_P,#DDE4E6
Strelley_Monzogranite,A_CEst_gm,#FFDFDD
Keep_It_Dark_Monzogranite,A_STki_gmp,#FEBFBA
Cleland_Supersuite,A_CE_mgtn,#F492CA
Pilbara_Craton_greenstones,A_mtq_P,#DAD2CF
Pilbara_Craton_greenstones,A_map_P,#9080FB
Garden_Creek_Monzogranite,A_CEgc_mgm,#F8BEE0
Coonieena_Basalt,A_DGc_b,#BFE695
Coppin_Gap_Granodiorite,A_EMco_gg,#F492CA
Moolyella_Monzogranite,A_SRmo_gm,#FD7E75
Gap_Intrusion,A_WAga_a,#B1A6FC
Pilbara_Craton_greenstones,A_mty_P,#AFBFC6
Underwood_Gneiss,A_CLun_mgtn,#EB3BA0
Kennell_Granodiorite,A_EMke_gg,#F492CA
Munganbrina_Monzogranite,A_EMmu_gm,#F492CA
Triberton_Granodiorite,A_EMtr_ggp,#F492CA
Chessman_Granodiorite,A_EMce_mgg,#F492CA
Elizabeth_Hill_Supersuite,A_EH_xgnl_gp,#FD7E75
Abydos_Monzogranite,A_STab_mgm,#FEBFBA
Double_Bar_Formation,A_WAo_b,#BCEED2
Boobina_Porphyry,A_EMbo_gmap,#F492CA
Fortescue_Group,A_FO_o,#8EE4B4
Lamil_Group,P__LA_xs_k,#D09587
Eley_Monzogranite,A_STel_gmp,#FD7E75
Dresser_Formation,A_WAr_xcc_b,#9DD7FB
Siffleetes_Granodiorite,A_CEsf_mgg,#F8BEE0
Bamboo_Springs_Monzogranite,A_STbs_gmp,#FE9E98
Coondina_Monzogranite,A_STcn_gmm,#FEBFBA
Bishop_Creek_Monzogranite,A_CEbi_gm,#F8BEE0
Mullugunya_Granodiorite,A_EMml_gg,#F492CA
Nob_Well_Intrusion,A_WAno_xap_ax,#BCB3FD
Pilbara_Craton_greenstones,A_mu_P,#B1A6FC
Gregory_Range_Suite,A_GR_gv,#FEAEA9
Lady_Adelaide_Orthogneiss,A_TAla_mggn,#F066B6
Joorina_Granodiorite,A_EMjo_gg,#F492CA
Jenkin_Granodiorite,A_EMje_gg,#F492CA
Cotton_Well_Granodiorite,A_EMcw_ggv,#F492CA
Owens_Gully_Diorite,A_CLow_mgi,#EB3BA0
Campbell_Well_Granodiorite,A_EMcm_gg,#F492CA
Pilbara_craton_greenstones,A_mhsc_P,#DAD2CF
Petermarer_Monzogranite,A_STpr_gmp,#FEBFBA
Wallareenya_Granodiorite,A_STwa_ggh,#FEBFBA
Nandingarra_Granodiorite,A_EMna_gge,#F492CA
Bookargemoona_Tonalite,A_TAbo_mgt,#F066B6
Warrawoona_Group,A_WA_bb,#D4EFB9
South_Mallina_Basalt_Member,A_CDbm_bb,#B8DC3B
Warrawoona_Group,A_WA_xbb_bk,#D4EFB9
Eel_Creek_Formation,AP___ec_sf,#F5D06E
Tambina_Supersuite,A_TA_mgti,#FE9E98
Shay_Intrusion,A_STsh_xo_a,#A5E9C3
Pilbara_Supergroup,A_PI_xmus_g,#D3CCFD
Gorge_Creek_Group,A_GC_xci_s,#D4D3A5
Split_Rock_Supersuite,A_SR_gme,#FD7E75
Thelman_Monzogranite,A_SRth_gmv,#FD7E75
Tabba_Tabba_Leucogranite,A_SRtt_gme,#FD7E75
Budjan_Creek_Formation,A_SOb_xs_f,#FEE79F
Pilbara_Craton_greenstones,A_xmws_mus_P,#C4FEC6
Jeerinah_Formation,A_FOj_s,#CDCFA7
Bindoo_Sandstone,SD__bi_st,#A3FBE5
Eastern_Goldfields_Superterrane_greenstones,A_c_YEG,#6BC3F9
Madura_Formation,K__ma_ssh,#C9FE8A
Byro_Group__middle,P_BYM_sf,#A9DCFC
Collier_Group__Depositional_package_5,P__MCP5_s,#F7D7A0
Edmund_Group__Depositional_package_2,P__MEP2_sk,#F9E1B8
Sylvania_Inlier_granitic_unit,A_g_PYV,#FECFCB
Thaduna_Formation,P__YMt_ss,#FAE2B6
Goodin_Inlier_granitic_unit,A_g_YGD,#FECFCB
Collier_Group__Depositional_package_6,P__MCP6_s,#F0BA59
Mount_Joseph_Migmatite,P___mj_mhi,#E9E9D2
Redcliff_Pound_Group,P_E_RD_s,#DAD2CF
Tooloo_Group,P__ET_xsf_ci,#E0CABF
Knobby_Sandstone,D__kn_sp,#ABB6FA
Yamarna_Terrane_greenstones,A_xb_og_YYA,#8AFE8D
Cambrian__Ordovician_sedimentary_siliciclastic_units__Amadeus_Basin,EO_sf_NA,#EFBEE7
Birrindudu_Group,P__BN_sa,#E1AAC5
Giles_Suite_2,P__WKg2_o,#B7FAE3
Kunmarnara_Group,P__KR_xs_b,#DAE59F
Tropicana_Gneiss,AP___tc_xmin_mog,#6BC3F9
Malcolm_Metamorphics,P___mm_xmh_mws,#CFC995
Northern_Foreland_mafic_unit,A_mu_AFON,#D3CCFD
Esperance_Supersuite,P__EP_gr,#FEC8F9
Gwynne_Creek_Gneiss,P___gk_xmtn_mo,#D0C5C2
Madura_Province_metagranitic_unit,P__xmg_mw_MAD,#FBA7FA
Mount_Ragged_Formation,P___rg_mh,#D1DBDE
Booanya_Suite,P__EPB_g,#FDB6F7
Snowys_Dam_Formation,P___sd_xmhn_mkqn,#BFADB3
Eastern_Goldfields_Superterrane_greenstones,A_mn_YEG,#CFDAD7
Esperance_Supersuite,P__EP_jgn_mgn,#FEC8F9
Fitzgerald_Peaks_Syenite,A__fy_gy,#FEE286
Recherche_Supersuite,P__RE_jmgnn_mog,#FBA7FA
Biranup_Zone_metagranitic_unit,P__jmgnn_moga_KKBB,#FBA7FA
Biranup_Zone_metagranitic_unit,A_mgr_KKBB,#FEBFBA
Tropicana_Gneiss,AP___tc_xmog_mae,#4BD386
Tropicana_Gneiss,AP___tc_xmgn_mon,#FEC1E1
Lindsay_Hill_Formation,P___lh_xmt_mtq,#BFADB3
Pitjantjatjara_Supersuite_2,P__PJp2_mg,#FCB9FA
Fraser_Zone_unit,P__mog_KKBF,#B6F4E4
Fraser_Zone_unit,P__xmog_mgn_KKBF,#9EF0DB
Arid_Basin_unit,P__xmtn_mon_AFOA,#C3CCD0
Fraser_Range_Metamorphics,P__FM_xmog_mgn,#90F2C8
Biranup_Zone_metagranitic_unit,P__jmgnn_moan_KKBB,#FE99CD
Snowys_Dam_Formation,P___sd_xmhn_mon,#BFADB3
Truslove_Suite,P__EPT_gm,#FEC8F9
Moogie_Metamorphics,P__MG_xmh_mk,#FEBA70
Narimbunna_Dolerite,P___nr_od,#4BD386
Mount_Leake_Formation,P___mk_st,#E0CABF
Cassidy_Group,P__CA_xbb_fr,#E7BBD1
Durlacher_Supersuite,P__DU_g,#FEE2FD
Pitjantjatjara_Supersuite,P__PJ_mg,#FDD1FB
Musgrave_Province_metamorphic_unit,P__myy_MU,#FDB14E
Pussy_Cat_Group,P__PU_xss_bb,#D7E9C2
Wankanki_Supersuite,P__WN_xmf_mh,#FEAEED
Alcurra_Dolerite,P__WKA_o,#9EF0DB
Musgrave_Province_metamorphic_unit,P__myx_MU,#FED8A7
Pitjantjatjara_Supersuite_1,P__PJp1_mg,#FBA2F8
Stubbins_Formation,P__TNs_mod,#78DEA4
Stubbins_Formation,P__TNs_xmh_mod,#E4DCDF
Larranganni_Formation,MZ__lr_st,#8CFADF
Granites_Tanami_Orogen_granitic_unit,P__gm_GT,#FE6FB8
Black_Dragon_Gneiss,P___bd_xmgg_mgi,#FD7E75
Proterozoic_mafic_intrusive_unit,P__o,#B0ECCA
Salt_Creek_Gabbro,P___sk_og,#6EE9C8
Tropicana_Zone_metagranitic_unit,AP__mg_KKBT,#FECCE6
Biranup_Zone_metagranitic_unit,P__xmgn_mdn_KKBB,#FBA7FA
Bobbie_Point_Metasyenogranite,P___bt_mgr,#FCACFC
Biranup_Zone_metagranitic_unit,P__xmg_mog_KKBB,#FBA7FA
Voodoo_Child_Formation,P___vc_xmog_mfd,#56E5BF
Burtville_Terrane_greenstones,A_mfnq_YBU,#CFDAD7
McKay_Creek_Metasyenogranite,P___kc_xmgr_mgi,#E3C8B5
Biranup_Zone_metagranitic_unit,AP__xmgni_mhn_KKBB,#FBA7FA
Eddy_Suite,P__EY_xmgg_mog,#FC8CD6
Fly_Dam_Formation,P___fd_mhng,#FE95A5
Biranup_Zone_metagranitic_unit,AP__mgni_KKBB,#FEBBDD
Woodline_Formation,P___wo_s,#FBE7D4
Tank_44_Gneiss,P___tf_xmnaa_mnqf,#F7B588
Munglinup_Gneiss,AP___mu_xmgn_moa,#FEC1E1
Northern_Foreland_unit,A_xmu_md_AFON,#D3CCFD
Northern_Foreland_mafic_unit,A_xmb_mu_AFON,#B1FEB3
Splinter_Gneiss,P__REsg_xmon_mn,#F7B588
Northern_Foreland_mafic_unit,A_mb_AFON,#C4FEC6
Northern_Foreland_unit,A_xmi_md_AFON,#84CDFA
Northern_Foreland_mafic_unit,A_mo_AFON,#BCEED2
Nornalup_Zone_metagranitic_unit,P__xmg_gn_KKBN,#FBA7FA
Southern_Hills_Suite,P__RES_mgr,#FA99F9
Yilgarn_Craton_granites,A_gmfp_Y,#FECFCB
Burtville_Terrane_greenstones,A_xmw_mc_YBU,#63FD67
Burtville_Terrane_greenstones,A_xmnqf_mgss_YBU,#CFDAD7
Yilgarn_Craton_granites,A_xmgss_mbs_Y,#FECFCB
Bertibubba_Supersuite,P__BB_g,#F883B1
Pooranoo_Metamorphics,P__PO_md,#E8CABF
Edmund_Group__Depositional_package_3,P__MEP3_sk,#EEB041
Mount_James_Subgroup,P__POJ_md,#EDD5CC
Halfway_Gneiss,AP___ha_mgn,#EDE9E7
Peak_Hill_Schist,AP___ph_msqm,#FEDC6E
Robinson_Range_Formation,P__PAr_shi,#E7BE91
Yarlarweelor_Gneiss_Complex_unit,AP__mgnl_YNAY,#FEC1E1
Warrigal_Gneiss,A__wa_mgmn,#FE83C2
Dalgaringa_Supersuite,P__DA_mg,#EFB8FA
Pindilya_Formation,NM__pi_sr,#D2F4E1
Coor_de_wandy_Formation,P___cw_s,#EEE4A4
Narryer_Terrane_metagranitic_unit,A_mgn_YNA,#FE6FB8
Capricorn_Orogen_metamorphosed_mafic_intrusive_unit,P__mod_CPO,#8EE4B4
Narryer_Terrane_greenstones,A_xmro_mwo_YNA,#FFDFDD
Rocky_Bore_Granite,A__rb_gmp,#FECFCB
Camel_Hills_Metamorphics,P__CH_xmd_mk,#D2C4C9
Wilthorpe_Formation,P__PAw_scq,#F1D8BD
Nadarra_Formation,NP__na_klul,#A5E9C3
Kungarra_Formation,P__TKk_sf,#D5B9AA
Ravelstone_Formation,P__BYr_ss,#E3C8B5
Millidie_Creek_Formation,P__PAm_ss,#ECCBA7
Devonian_sedimentary_rocks__Southern_Carnarvon_Basin,D_xs_k_CV,#CAD2FC
Merlinleigh_Sandstone,GE__me_stz,#EEF5B6
Labouchere_Formation,P__PAl_ssq,#F1D8BD
Horseshoe_Formation,P__BYh_sf,#EAD6C8
Gascoyne_Province_metamorphosed_mafic_intrusive_unit,P__mod_GA,#4BD386
Yarlarweelor_Gneiss_Complex_unit,A_mg_YNAY,#FEAEA9
Wyloo_Group,P__WY_s,#E2B07B
Glenburgh_Terrane_Proterozoic_unit,P__mus_GAG,#DED9FE
Metawandy_Granite,A__mt_gm,#FECFCB
Wyloo_Inlier_greenstones,A_b_PWY,#C4FEC6
Thirty_Three_Supersuite,P__TT_g,#FFD6EB
Despair_Granite,A__de_gmb,#FFDFDD
Trillbar_formation,P__BYt_xmw_mu,#E89FBC
Carboniferous_sedimentary_rocks__Southern_Carnarvon_Basin,C_kt_CV,#C8D2D5
Koolbye_Formation,P__TKo_stq,#E0CABF
Narryer_Terrane_greenstones,A_u_YNA,#B1A6FC
Waldburg_Dolerite,P___wa_od,#41CD50
Yarlarweelor_Gneiss_Complex_unit,AP__mgn_YNAY,#FEC1E1
Narryer_Terrane_metagranitic_unit,A_mgss_YNA,#FECFCB
Rocklea_Inlier_greenstones,A_b_PRK,#C4FEC6
Rocklea_Inlier_greenstones,A_s_PRK,#E3DDDB
Rocklea_Inlier_metagranitic_unit,A_mgn_PRK,#FE6FB8
Narryer_Terrane_greenstones,A_mat_YNA,#E9E6FE
Padbury_Group,P__PA_s,#DDA365
Narryer_Terrane_greenstones,A_mtq_YNA,#DAD2CF
Kazput_Formation,P__TKa_xs_k,#E0CABF
Narryer_Terrane_greenstones,A_mi_YNA,#099BF5
Mount_Augustus_Sandstone,P___au_sp,#ECCBA7
Glenburgh_Terrane_Proterozoic_unit,P__mwa_GAG,#C9E2AE
Moorarie_Supersuite,P__MO_mog,#D2F4E1
Eastern_Goldfields_Superterrane_greenstones,A_mb_YEG,#C4FEC6
Durlacher_Supersuite,P__DU_mog,#1EC868
Glenburgh_Terrane_Proterozoic_unit,P__mog_GAG,#A5E9C3
Wooly_Dolomite,P___wy_kd,#BEE2F8
Hydrothermal_unit,zqix,#000000
Pitjantjatjara_Supersuite,P__PJ_mgmy,#FDD1FB
Tollu_Group,P__TL_f,#F5EAD8
Wankanki_Supersuite,P__WN_mg,#FEAEED
Pitjantjatjara_Supersuite_2,P__PJp2_xmgg_mhi,#FCB9FA
Pitjantjatjara_Supersuite_2,P__PJp2_mgsy,#FCB9FA
Mount_Palgrave_Group,P__PG_xf_s,#FEE1A5
Wankanki_Supersuite,P__WN_xmgn_mg,#FD86E3
Pitjantjatjara_Supersuite_2,P__PJp2_xmgg_oo,#FCB9FA
Pitjantjatjara_Supersuite,P__PJ_mgsy,#FDD1FB
Eliza_Formation,P__PGe_xfr_sp,#FEEDC9
Pussy_Cat_Group,P__PU_frp,#D7E9C2
Musgrave_Province_metamorphic_unit,P__xmna_mg_MU,#CFDAD7
Musgrave_Province_metagranitic_unit,P__mg_MU,#FEC8EE
Pussy_Cat_Group,P__PU_sdv,#D7E9C2
Kathleen_Ignimbrite,P__PUk_fr,#FEEDC9
Scamp_Formation,P__PGs_fr,#FEE1A5
Mount_Waugh_Formation,P__PGw_xfr_sp,#FBCB8C
Kaarnka_Group,P__PK_xfr_frv,#FBCB8C
Glyde_Formation,P__PUg_xbb_s,#D7E9C2
Pussy_Cat_Group,P__PU_sgb,#D7E9C2
Umutju_Granite_Suite,P__PJU_mg,#FCB9FA
Warakurna_Supersuite,P__WK_xo_f,#6EE9C8
Mission_Group,P__MI_xbb_s,#C3C4C4
Giles_Suite_1,P__WKg1_og,#9EF0DB
Warakurna_Supersuite,P__WK_mg,#FED6F2
Kunmarnara_Group,P__KR_xmd_mb,#DAE59F
Warlawurru_Supersuite,P__WR_mg,#FCA4F4
Giles_Suite_1,P__WKg1_mog,#6EE9C8
Giles_Suite_2,P__WKg2_moad,#94F7D4
Slatey_Creek_Granite,P___sl_gm,#FEBFBA
Killi_Killi_Formation,P__TNk_xmh_mod,#E2DCC4
Granites_Tanami_Orogen_metasedimentary_siliciclastic_unit,P__mh_GT,#E9E9D2
Pargee_Sandstone,P___pg_st,#F5D3B1
Granites_Tanami_Orogen_metamorphosed_igneous_felsic_unit,A_mrn_GT,#FE98CC
Granites_Tanami_Orogen_metamorphosed_intrusive_mafic_unit,P__mod_GT,#A5E9C3
Lewis_Granite,P___ls_gmj,#FEBFBA
Lewis_Granite,P___ls_gm,#FEBFBA
Balwina_Granite,P___ba_gm,#FEBFBA
Hercules_Gneiss,AP__NEH_mgin,#FE9E98
Capricorn_Group,P__CP_sk,#DDA365
MacDougall_Formation,P__KRd_sg,#EDF2CF
Yilgarn_Craton_granites,A_jgm_mn_Y,#FECFCB
Scotty_Creek_Formation,A__sc_xsta_sc,#E3DDDB
Jones_Creek_Conglomerate,A__jc_s,#FEC57A
